<?xml version="1.0" encoding="UTF-8"?>

<!-- * converters.xml * * Copyright (C) 2019 Universidad de Sevilla * * The 
	use of this project is hereby constrained to the conditions of the * TDG 
	Licence, a copy of which you may download from * http://www.tdg-seville.info/License.html -->

<beans xmlns="http://www.springframework.org/schema/beans"
	xmlns:xsi="http://www.w3.org/2001/XMLSchema-instance" xmlns:util="http://www.springframework.org/schema/util"
	xsi:schemaLocation="
		http://www.springframework.org/schema/beans http://www.springframework.org/schema/beans/spring-beans-4.0.xsd		
		http://www.springframework.org/schema/util http://www.springframework.org/schema/util/spring-util-4.0.xsd		
	">

	<util:list id="converters">
		<bean class="converters.AdministratorToStringConverter" />
		<bean class="converters.StringToAdministratorConverter" />
		
		<bean class="converters.AreaToStringConverter" />
		<bean class="converters.StringToAreaConverter" />

		<bean class="converters.AuthorityToStringConverter" />
		<bean class="converters.StringToAuthorityConverter" />

		<bean class="converters.UserAccountToStringConverter" />
		<bean class="converters.StringToUserAccountConverter" />

		<bean class="converters.ActorToStringConverter" />
		<bean class="converters.StringToActorConverter" />

		<bean class="converters.UrlToStringConverter" />
		<bean class="converters.StringToUrlConverter" />

		<bean class="converters.BrotherhoodToStringConverter" />
		<bean class="converters.StringToBrotherhoodConverter" />
		
		<bean class="converters.MemberToStringConverter" />
		<bean class="converters.StringToMemberConverter" />

		<bean class="converters.FloatToStringConverter" />
		<bean class="converters.StringToFloatConverter" />

		<bean class="converters.ProcessionToStringConverter" />
		<bean class="converters.StringToProcessionConverter" />

		<bean class="converters.RequestToStringConverter" />
		<bean class="converters.StringToRequestConverter" />

		<bean class="converters.PositionToStringConverter" />
		<bean class="converters.StringToPositionConverter" />


		<bean class="converters.EnrolToStringConverter" />
		<bean class="converters.StringToEnrolConverter" />

		<bean class="converters.StringToDropoutConverter" />
		<bean class="converters.DropoutToStringConverter" />

		<bean class="converters.MessageBoxToStringConverter" />
		<bean class="converters.StringToMessageBoxConverter" />

		<bean class="converters.MessageToStringConverter" />
		<bean class="converters.StringToMessageConverter" />

		<bean class="converters.FinderToStringConverter" />
		<bean class="converters.StringToFinderConverter" />

	</util:list>

</beans>