<?xml version="1.0" encoding="UTF-8"?>

<!-- 
 * security.xml
 *
 * Copyright (C) 2019 Universidad de Sevilla
 * 
 * The use of this project is hereby constrained to the conditions of the 
 * TDG Licence, a copy of which you may download from 
 * http://www.tdg-seville.info/License.html
 -->

<beans xmlns="http://www.springframework.org/schema/beans"
	xmlns:xsi="http://www.w3.org/2001/XMLSchema-instance" xmlns:security="http://www.springframework.org/schema/security"	
	xsi:schemaLocation="
		http://www.springframework.org/schema/beans http://www.springframework.org/schema/beans/spring-beans-4.0.xsd		
        http://www.springframework.org/schema/security http://www.springframework.org/schema/security/spring-security-3.2.xsd
    ">

	<!-- Security infrastructure -->

	<bean id="loginService" class="security.LoginService" />

	<bean id="passwordEncoder"
		class="org.springframework.security.authentication.encoding.Md5PasswordEncoder" />

	<!-- Access control -->

	<security:http auto-config="true" use-expressions="true">
		<security:intercept-url pattern="/" access="permitAll" /> 

		<security:intercept-url pattern="/favicon.ico" access="permitAll" /> 
		<security:intercept-url pattern="/images/**" access="permitAll" /> 
		<security:intercept-url pattern="/scripts/**" access="permitAll" /> 
		<security:intercept-url pattern="/styles/**" access="permitAll" /> 

		<security:intercept-url pattern="/views/misc/index.jsp" access="permitAll" />
		<security:intercept-url pattern="/views/misc/403.jsp" access="permitAll" /> 
		<security:intercept-url pattern="/views/misc/panic.jsp" access="permitAll" /> 

		<security:intercept-url pattern="/security/login.do" access="permitAll" /> 
		<security:intercept-url pattern="/security/loginFailure.do" access="permitAll" /> 

		<security:intercept-url pattern="/welcome/index.do" access="permitAll" /> 

		<!-- ADMIN -->
		<security:intercept-url pattern="/administrator/list.do" access="hasRole('ADMIN')" /> 
		<security:intercept-url pattern="/administrator/create.do" access="hasRole('ADMIN')" />
		<security:intercept-url pattern="/administrator/dashboard.do" access="hasRole('ADMIN')" />
		<security:intercept-url pattern="/administrator/spammers.do" access="hasRole('ADMIN')" />
		<security:intercept-url pattern="/administrator/ban.do" access="hasRole('ADMIN')" />
		<security:intercept-url pattern="/administrator/unban.do" access="hasRole('ADMIN')" />
		<security:intercept-url pattern="/administrator/update.do" access="hasRole('ADMIN')" />
		<security:intercept-url pattern="/administrator/config/polarityWords/list.do" access="hasRole('ADMIN')" />
		<security:intercept-url pattern="/administrator/config/polarityWords/add.do" access="hasRole('ADMIN')" />
		<security:intercept-url pattern="/administrator/config/polarityWords/edit.do" access="hasRole('ADMIN')" />
		<security:intercept-url pattern="/administrator/config/polarityWords/addPositiveWord.do" access="hasRole('ADMIN')" />
		<security:intercept-url pattern="/administrator/config/polarityWords/addNegativeWord.do" access="hasRole('ADMIN')" />
		<security:intercept-url pattern="/administrator/config/polarityWords/editPositiveWord.do" access="hasRole('ADMIN')" />
		<security:intercept-url pattern="/administrator/config/polarityWords/editNegativeWord.do" access="hasRole('ADMIN')" />
		<security:intercept-url pattern="/administrator/config/polarityWords/removePositiveWord.do" access="hasRole('ADMIN')" />
		<security:intercept-url pattern="/administrator/config/polarityWords/removeNegativeWord.do" access="hasRole('ADMIN')" />
		<security:intercept-url pattern="/administrator/score.do" access="hasRole('ADMIN')" />
		<security:intercept-url pattern="/administrator/computeScore.do" access="hasRole('ADMIN')" />
		<security:intercept-url pattern="/administrator/computeSpammers.do" access="hasRole('ADMIN')" />
		<security:intercept-url pattern="/area/administrator/**" access="hasRole('ADMIN')" />

		<!-- BROTHERHOOD -->
		<security:intercept-url pattern="/brotherhood/create.do" access="isAnonymous()" />
		<security:intercept-url pattern="/brotherhood/list.do" access="permitAll" />
		<security:intercept-url pattern="/brotherhood/member/list.do" access="hasRole('MEMBER')" />
		<security:intercept-url pattern="/brotherhood/edit.do" access="hasRole('BROTHERHOOD')" />
		<security:intercept-url pattern="/brotherhood/addPicture.do" access="hasRole('BROTHERHOOD')" />
		<security:intercept-url pattern="/brotherhood/deletePicture.do" access="hasRole('BROTHERHOOD')" />
		
		<!-- PROCESSION -->
		<security:intercept-url pattern="/procession/list.do" access="permitAll" />
		<!-- <security:intercept-url pattern="/procession/list.do" access="hasAnyRole('BROTHERHOOD','MEMBER')" /> -->
		<security:intercept-url pattern="/procession/brotherhood/create.do" access="hasRole('BROTHERHOOD')" />	
		<security:intercept-url pattern="/procession/brotherhood/edit.do" access="hasRole('BROTHERHOOD')" />
		<security:intercept-url pattern="/procession/brotherhood/delete.do" access="hasRole('BROTHERHOOD')" />	
		
		<!-- POSITION -->
		<security:intercept-url pattern="/position/admin/list.do" access="hasRole('ADMIN')" />
		<security:intercept-url pattern="/position/admin/create.do" access="hasRole('ADMIN')" />
		<security:intercept-url pattern="/position/admin/edit.do" access="hasRole('ADMIN')" />
		<security:intercept-url pattern="/position/admin/delete.do" access="hasRole('ADMIN')" />
		
		<!--  MEMBER -->
		<security:intercept-url pattern="/member/create.do" access="isAnonymous()" />
		<security:intercept-url pattern="/member/member/edit.do" access="hasRole('MEMBER')" />
		<security:intercept-url pattern="/member/list.do" access="permitAll" />
		<security:intercept-url pattern="/member/brotherhood/**" access="hasRole('BROTHERHOOD')" />

		<!--  DROPOUT -->
		<security:intercept-url pattern="/dropout/member/**" access="isAuthenticated()" />
		
		
			<!--  ENROL -->
		<security:intercept-url pattern="/enrol/member/**" access="isAuthenticated()" />
		
		
		
		<!-- REQUEST -->
		<security:intercept-url pattern="/request/list.do" access="hasAnyRole('BROTHERHOOD','MEMBER')" />
		<security:intercept-url pattern="/request/member/**" access="hasRole('MEMBER')" />
		<security:intercept-url pattern="/request/brotherhood/**" access="hasRole('BROTHERHOOD')" />

		<!-- FLOAT -->
		<security:intercept-url pattern="/float/list.do" access="permitAll" />
		<security:intercept-url pattern="/float/brotherhood/**" access="hasRole('BROTHERHOOD')" />

		<!-- FINDER -->
		<security:intercept-url pattern="/finder/member/edit.do" access="hasRole('MEMBER')" />
		<security:intercept-url pattern="/finder/member/result.do" access="hasRole('MEMBER')" />
		
		<!-- MESSAGE -->
		<security:intercept-url pattern="/message/create.do" access="isAuthenticated()" />
		<security:intercept-url pattern="/message/list.do" access="isAuthenticated()" /> 
		<security:intercept-url pattern="/message/display.do" access="isAuthenticated()" />
		<security:intercept-url pattern="/message/delete.do" access="isAuthenticated()" />
		<security:intercept-url pattern="/message/move.do" access="isAuthenticated()" />
		<security:intercept-url pattern="/message/copy.do" access="isAuthenticated()" />
		<security:intercept-url pattern="/message/broadcast.do" access="hasRole('ADMIN')" />
		
		<!-- MESSAGEBOX -->
		<security:intercept-url pattern="/messageBox/edit.do" access="isAuthenticated()" /> 
		<security:intercept-url pattern="/messageBox/list.do" access="isAuthenticated()" /> 
		<security:intercept-url pattern="/messageBox/create.do" access="isAuthenticated()" />

		<security:intercept-url pattern="/cookies.do" access="permitAll"/>
		<security:intercept-url pattern="/terms.do" access="permitAll"/>
		
		<security:intercept-url pattern="/**" access="hasRole('NONE')" />

		<security:form-login 
			login-page="/security/login.do"
			password-parameter="password" 
			username-parameter="username"
			authentication-failure-url="/security/loginFailure.do" />

		<security:logout 
			logout-success-url="/" 
			invalidate-session="true" />
	</security:http>

</beans>